[{"@type":"workflow","id":"@1","name":"LT_STRAIGHT_LOAD","description":"LT_STRAIGHT_LOAD","errorTaskEmail":{"@type":"taskEmail","id":3681379,"emails":"pkdhar@informatica.com","emailType":"ERROR"},"successTaskEmail":{"@type":"taskEmail","id":3681382,"emails":"pkdhar@informatica.com","emailType":"SUCCESS"},"warningTaskEmail":{"@type":"taskEmail","id":3681385,"emails":"pkdhar@informatica.com","emailType":"WARNING"},"maxLogs":10,"references":[{"@type":"reference","refObjectId":"@2ixSn9UdlGyihayuYOwggb","refType":"mtTask"},{"@type":"reference","refObjectId":"@hJohMRNVEWuiiWo1153FE3","refType":"mtTask"}],"tasks":[{"@type":"workflowTask","taskId":"@2ixSn9UdlGyihayuYOwggb","type":"MTT","name":"mct_EMPLOYEE_LOAD","stopOnError":true,"stopOnWarning":false},{"@type":"workflowTask","taskId":"@hJohMRNVEWuiiWo1153FE3","type":"MTT","name":"mct_DEPARTMENTS_LOAD","stopOnError":true,"stopOnWarning":false}]}]