[{"@type":"mappingTemplate","id":"@1","name":"m_EMPLOYEE_LOAD","description":"m_EMPLOYEE_LOAD","bundleVersion":"0","templateId":"@3","deployTime":1677595739000,"hasParameters":false,"valid":true,"fixedConnection":true,"hasParametersDeployed":false,"fixedConnectionDeployed":true,"isSchemaValidationEnabled":false,"tasks":1,"mappingPreviewFileRecordId":"@2","documentType":"MAPPING","references":[{"@type":"reference","refObjectId":"@0SCcMM1ompYevfHDcwQcWl","refType":"connection"},{"@type":"reference","refObjectId":"@jGIaR3fXGKXlt7rRaNkiER","refType":"connection"}]}]